no of hops,edgetext,sampled nodes,mean accuracy,SD-accuracy,mean failure fraction,SD failure fraction, mean token err frac,SD token frac
1,True,10,0.55,0.07071067811865474,0.775,0.03535533905932741,0.0,0.0
1,True,50,0.41000000000000003,0.014142135623730925,0.6097701149425288,0.03332342302143501,0.0,0.0
2,True,10,0.3,0.0,0.7857142857142857,0.10101525445522103,0.0,0.0
2,True,50,0.35,0.07071067811865478,0.6404761904761904,0.10438242960372847,0.0,0.0
