no of hops,edgetext,sampled nodes,mean accuracy,SD-accuracy,mean failure fraction,SD failure fraction, mean token err frac,SD token frac
2,True,20,0.4666666666666667,0.15275252316519466,0.3666666666666667,0.10408329997330665,0.0,0.0
2,True,50,0.41333333333333333,0.03055050463303893,0.44666666666666666,0.08326663997864533,0.0,0.0
2,False,20,0.4666666666666667,0.05773502691896256,0.36666666666666664,0.12583057392117916,0.0,0.0
2,False,50,0.44666666666666666,0.04163331998932264,0.38,0.0,0.0,0.0
