no of hops,edgetext,sampled nodes,mean accuracy,SD-accuracy,mean failure fraction,SD failure fraction, mean token err frac,SD token frac
1,True,10,0.55,0.07071067811865474,0.425,0.24748737341529162,0.0,0.0
1,True,50,0.44,0.028284271247461926,0.5919540229885057,0.1056596339704036,0.0,0.0
2,True,10,0.35,0.07071067811865478,0.7738095238095238,0.08417937871268424,0.0,0.0
2,True,50,0.37,0.09899494936611666,0.6285714285714286,0.08081220356417688,0.0,0.0
