no of hops,edgetext,sampled nodes,mean accuracy,SD-accuracy,mean failure fraction,SD failure fraction, mean token err frac,SD token frac
1,False,10,0.5,0.0,0.6000000000000001,0.28284271247461906,0.0,0.0
1,False,50,0.38,0.0,0.7580645161290323,0.022809896167307966,0.0,0.0
2,False,10,0.35,0.07071067811865478,0.7738095238095238,0.08417937871268424,0.0,0.0
2,False,50,0.38,0.08485281374238571,0.6890756302521008,0.06536281170631952,0.0,0.0
