no of hops,edgetext,sampled nodes,mean accuracy,SD-accuracy,mean failure fraction,SD failure fraction, mean token err frac,SD token frac
1,False,10,0.55,0.07071067811865474,0.425,0.24748737341529162,0.0,0.0
1,False,50,0.43000000000000005,0.042426406871192854,0.6518518518518519,0.0733295921230494,0.0,0.0
2,False,10,0.35,0.07071067811865478,0.7023809523809523,0.18519463316790535,0.0,0.0
2,False,50,0.33999999999999997,0.14142135623730953,0.6409774436090225,0.09835695828534685,0.0,0.0
