setting,mean_accuracy,std_accuracy,mean_inaccuracy,std_inaccuracy,mean_failure,std_failure
ego,0.6466666666666666,0.018856180831641284,0.09999999999999998,0.02828427124746185,0.25333333333333335,0.0410960933531265
ff,0.8866666666666667,0.018856180831641284,0.11333333333333333,0.018856180831641284,0.0,0.0
