setting,mean_accuracy,std_accuracy,mean_inaccuracy,std_inaccuracy,mean_failure,std_failure,mean_token_limit_fraction,std_token_limit_fraction
ego,0.7333333333333334,0.0679869268479038,0.19999999999999998,0.0653197264742181,0.06666666666666667,0.018856180831641266,0.058663736979166665,0.0009678163301877077
ff,0.6266666666666668,0.049888765156985884,0.10666666666666662,0.082192186706253,0.26666666666666666,0.07542472332656507,0.030920410156250005,0.0003629903962097058
