setting,mean_accuracy,std_accuracy,mean_inaccuracy,std_inaccuracy,mean_failure,std_failure,mean_token_limit_fraction,std_token_limit_fraction
ego,0.8133333333333335,0.049888765156985884,0.11333333333333333,0.06182412330330466,0.07333333333333333,0.033993463423951896,0.12060221354166667,0.0003976337245780931
ff,0.8266666666666667,0.17613126418163877,0.12666666666666668,0.1369509238944943,0.04666666666666667,0.041096093353126514,0.048370768229166666,0.0036043769245889647
