setting,mean_accuracy,std_accuracy,mean_inaccuracy,std_inaccuracy,mean_failure,std_failure,mean_token_limit_fraction,std_token_limit_fraction
ego,0.65,0.10801234497346433,0.18333333333333332,0.023570226039551553,0.16666666666666666,0.10274023338281627,0.116790771484375,0.0018948508186467442
ff,0.9333333333333332,0.09428090415820632,0.016666666666666646,0.023570226039551553,0.049999999999999996,0.07071067811865475,0.045941162109374996,0.004735961060867597
