setting,mean_accuracy,std_accuracy,mean_inaccuracy,std_inaccuracy,mean_failure,std_failure
ego,0.7333333333333334,0.062360956446232366,0.06666666666666665,0.04714045207910316,0.19999999999999998,0.040824829046386304
ff,0.75,0.07071067811865477,0.14999999999999994,0.04082482904638629,0.10000000000000002,0.08164965809277261
