setting,mean_accuracy,std_accuracy,mean_inaccuracy,std_inaccuracy,mean_failure,std_failure,mean_token_limit_fraction,std_token_limit_fraction
ego,0.5833333333333334,0.14337208778404376,0.26666666666666666,0.04714045207910321,0.15,0.10801234497346433,0.055826822916666664,0.0005525245702658949
ff,0.8166666666666668,0.062360956446232366,0.033333333333333326,0.02357022603955158,0.15,0.07071067811865477,0.031630452473958334,0.002679716003187292
