no of hops,edgetext,sampled nodes,mean accuracy,SD-accuracy,mean failure fraction,SD failure fraction, mean token err frac,SD token frac
1,True,10,0.5,0.14142135623730948,0.4583333333333333,0.29462782549439476,0.0,0.0
1,True,50,0.42000000000000004,0.028284271247461888,0.6047619047619048,0.05387480237611795,0.0,0.0
2,True,10,0.35,0.07071067811865478,0.7738095238095238,0.08417937871268424,0.0,0.0
2,True,50,0.33,0.09899494936611666,0.6648648648648648,0.09173277161338995,0.0,0.0
